Strategy,Popsize,Mutation,Nit,X0,X1,Estimated
best1bin,10,1.0,35,0.0,0.0,10#1.0
best1bin,10,0.9,122,0.0,0.0,10#0.9
best1bin,10,0.8,104,0.0,0.0,10#0.8
best1bin,10,0.7,97,0.0,0.0,10#0.7
best1bin,10,0.6,78,0.0,0.0,10#0.6
best1bin,10,0.5,63,0.0,0.0,10#0.5
best1bin,10,0.4,47,0.0,-0.0,10#0.4
best1bin,10,0.3,36,0.0,0.0,10#0.3
best1bin,10,0.2,28,0.0,-0.0,10#0.2
best1bin,10,0.1,13,-0.0,-0.0,10#0.1
best1bin,10,0.0,4,-0.0,-0.0,10#0.0
best1bin,11,1.0,71,-0.0,0.0,11#1.0
best1bin,11,0.9,136,0.0,0.0,11#0.9
best1bin,11,0.8,108,0.0,0.0,11#0.8
best1bin,11,0.7,88,0.0,0.0,11#0.7
best1bin,11,0.6,73,0.0,0.0,11#0.6
best1bin,11,0.5,61,0.0,0.0,11#0.5
best1bin,11,0.4,47,0.0,0.0,11#0.4
best1bin,11,0.3,6,0.95,-0.0,11#0.3
best1bin,11,0.2,43,-0.0,-0.0,11#0.2
best1bin,11,0.1,13,-0.0,-0.0,11#0.1
best1bin,11,0.0,2,0.27,0.33,11#0.0
best1bin,12,1.0,43,-0.0,-0.0,12#1.0
best1bin,12,0.9,138,0.0,0.0,12#0.9
best1bin,12,0.8,116,0.0,0.0,12#0.8
best1bin,12,0.7,94,0.0,0.0,12#0.7
best1bin,12,0.6,76,0.0,0.0,12#0.6
best1bin,12,0.5,63,0.0,0.0,12#0.5
best1bin,12,0.4,52,0.0,0.0,12#0.4
best1bin,12,0.3,36,0.0,0.0,12#0.3
best1bin,12,0.2,6,0.0,-0.95,12#0.2
best1bin,12,0.1,24,-0.0,-0.0,12#0.1
best1bin,12,0.0,2,1.0,-0.53,12#0.0
best1bin,13,1.0,39,0.0,-0.0,13#1.0
best1bin,13,0.9,129,0.0,0.0,13#0.9
best1bin,13,0.8,111,0.0,0.0,13#0.8
best1bin,13,0.7,95,0.0,0.0,13#0.7
best1bin,13,0.6,72,0.0,0.0,13#0.6
best1bin,13,0.5,59,0.0,0.0,13#0.5
best1bin,13,0.4,49,0.0,0.0,13#0.4
best1bin,13,0.3,36,0.0,0.0,13#0.3
best1bin,13,0.2,31,0.0,0.0,13#0.2
best1bin,13,0.1,5,0.0,0.95,13#0.1
best1bin,13,0.0,3,-0.0,0.0,13#0.0
best1bin,14,1.0,65,-0.0,-0.0,14#1.0
best1bin,14,0.9,136,0.0,0.0,14#0.9
best1bin,14,0.8,112,0.0,0.0,14#0.8
best1bin,14,0.7,85,0.0,0.0,14#0.7
best1bin,14,0.6,78,0.0,0.0,14#0.6
best1bin,14,0.5,59,0.0,0.0,14#0.5
best1bin,14,0.4,46,0.0,0.0,14#0.4
best1bin,14,0.3,39,0.0,0.0,14#0.3
best1bin,14,0.2,31,0.0,0.0,14#0.2
best1bin,14,0.1,24,0.0,0.0,14#0.1
best1bin,14,0.0,3,-0.97,-0.97,14#0.0
best1bin,15,1.0,138,0.0,0.0,15#1.0
best1bin,15,0.9,137,0.0,0.0,15#0.9
best1bin,15,0.8,104,0.0,0.0,15#0.8
best1bin,15,0.7,91,0.0,0.0,15#0.7
best1bin,15,0.6,77,0.0,0.0,15#0.6
best1bin,15,0.5,59,0.0,0.0,15#0.5
best1bin,15,0.4,46,0.0,0.0,15#0.4
best1bin,15,0.3,37,0.0,0.0,15#0.3
best1bin,15,0.2,28,0.0,0.0,15#0.2
best1bin,15,0.1,5,0.97,0.97,15#0.1
best1bin,15,0.0,3,0.97,-0.97,15#0.0
best1bin,16,1.0,162,0.0,0.0,16#1.0
best1bin,16,0.9,134,0.0,0.0,16#0.9
best1bin,16,0.8,112,0.0,0.0,16#0.8
best1bin,16,0.7,93,0.0,0.0,16#0.7
best1bin,16,0.6,75,0.0,0.0,16#0.6
best1bin,16,0.5,60,0.0,0.0,16#0.5
best1bin,16,0.4,44,0.0,0.0,16#0.4
best1bin,16,0.3,36,0.0,0.0,16#0.3
best1bin,16,0.2,28,0.0,0.0,16#0.2
best1bin,16,0.1,24,0.0,0.0,16#0.1
best1bin,16,0.0,3,-0.0,-0.0,16#0.0
best1bin,17,1.0,132,-0.0,0.0,17#1.0
best1bin,17,0.9,133,0.0,0.0,17#0.9
best1bin,17,0.8,107,0.0,0.0,17#0.8
best1bin,17,0.7,96,0.0,0.0,17#0.7
best1bin,17,0.6,77,0.0,0.0,17#0.6
best1bin,17,0.5,62,0.0,0.0,17#0.5
best1bin,17,0.4,45,0.0,0.0,17#0.4
best1bin,17,0.3,35,0.0,0.0,17#0.3
best1bin,17,0.2,29,0.0,0.0,17#0.2
best1bin,17,0.1,25,0.0,0.0,17#0.1
best1bin,17,0.0,3,0.95,-0.0,17#0.0
best1bin,18,1.0,93,0.0,-0.0,18#1.0
best1bin,18,0.9,141,0.0,0.0,18#0.9
best1bin,18,0.8,116,0.0,0.0,18#0.8
best1bin,18,0.7,95,0.0,0.0,18#0.7
best1bin,18,0.6,75,0.0,0.0,18#0.6
best1bin,18,0.5,59,0.0,0.0,18#0.5
best1bin,18,0.4,45,0.0,0.0,18#0.4
best1bin,18,0.3,37,0.0,0.0,18#0.3
best1bin,18,0.2,30,0.0,0.0,18#0.2
best1bin,18,0.1,23,0.0,0.0,18#0.1
best1bin,18,0.0,4,-0.0,-0.0,18#0.0
best1bin,19,1.0,148,0.0,0.0,19#1.0
best1bin,19,0.9,137,0.0,0.0,19#0.9
best1bin,19,0.8,108,0.0,0.0,19#0.8
best1bin,19,0.7,95,0.0,0.0,19#0.7
best1bin,19,0.6,76,0.0,0.0,19#0.6
best1bin,19,0.5,62,0.0,0.0,19#0.5
best1bin,19,0.4,49,0.0,0.0,19#0.4
best1bin,19,0.3,37,0.0,0.0,19#0.3
best1bin,19,0.2,28,0.0,0.0,19#0.2
best1bin,19,0.1,22,-0.0,0.0,19#0.1
best1bin,19,0.0,4,-0.0,-0.0,19#0.0
best1bin,20,1.0,154,0.0,0.0,20#1.0
best1bin,20,0.9,127,0.0,0.0,20#0.9
best1bin,20,0.8,115,0.0,0.0,20#0.8
best1bin,20,0.7,99,0.0,0.0,20#0.7
best1bin,20,0.6,72,0.0,0.0,20#0.6
best1bin,20,0.5,63,0.0,0.0,20#0.5
best1bin,20,0.4,48,0.0,0.0,20#0.4
best1bin,20,0.3,38,0.0,0.0,20#0.3
best1bin,20,0.2,29,-0.0,-0.0,20#0.2
best1bin,20,0.1,23,0.0,0.0,20#0.1
best1bin,20,0.0,3,0.0,-0.0,20#0.0
best1exp,10,1.0,118,0.0,-0.0,10#1.0
best1exp,10,0.9,132,0.0,0.0,10#0.9
best1exp,10,0.8,107,0.0,0.0,10#0.8
best1exp,10,0.7,91,0.0,0.0,10#0.7
best1exp,10,0.6,76,0.0,0.0,10#0.6
best1exp,10,0.5,63,0.0,0.0,10#0.5
best1exp,10,0.4,48,0.0,0.0,10#0.4
best1exp,10,0.3,42,0.0,0.0,10#0.3
best1exp,10,0.2,31,0.0,0.0,10#0.2
best1exp,10,0.1,22,-0.0,0.0,10#0.1
best1exp,10,0.0,4,-0.0,-0.0,10#0.0
best1exp,11,1.0,63,-0.0,-0.0,11#1.0
best1exp,11,0.9,143,0.0,0.0,11#0.9
best1exp,11,0.8,100,0.0,0.0,11#0.8
best1exp,11,0.7,89,0.0,0.0,11#0.7
best1exp,11,0.6,82,0.0,0.0,11#0.6
best1exp,11,0.5,60,0.0,0.0,11#0.5
best1exp,11,0.4,47,0.0,0.0,11#0.4
best1exp,11,0.3,38,0.0,0.0,11#0.3
best1exp,11,0.2,32,0.0,0.0,11#0.2
best1exp,11,0.1,17,-0.0,-0.0,11#0.1
best1exp,11,0.0,3,0.27,0.33,11#0.0
best1exp,12,1.0,36,-0.0,-0.0,12#1.0
best1exp,12,0.9,135,0.0,0.0,12#0.9
best1exp,12,0.8,116,0.0,0.0,12#0.8
best1exp,12,0.7,90,0.0,0.0,12#0.7
best1exp,12,0.6,72,0.0,0.0,12#0.6
best1exp,12,0.5,69,0.0,0.0,12#0.5
best1exp,12,0.4,51,0.0,0.0,12#0.4
best1exp,12,0.3,40,0.0,0.0,12#0.3
best1exp,12,0.2,6,0.0,-0.95,12#0.2
best1exp,12,0.1,9,-0.0,-0.0,12#0.1
best1exp,12,0.0,2,1.0,-0.53,12#0.0
best1exp,13,1.0,107,0.0,-0.0,13#1.0
best1exp,13,0.9,132,0.0,0.0,13#0.9
best1exp,13,0.8,111,0.0,0.0,13#0.8
best1exp,13,0.7,92,0.0,0.0,13#0.7
best1exp,13,0.6,78,0.0,0.0,13#0.6
best1exp,13,0.5,60,0.0,0.0,13#0.5
best1exp,13,0.4,48,0.0,0.0,13#0.4
best1exp,13,0.3,35,0.0,0.0,13#0.3
best1exp,13,0.2,28,0.0,0.0,13#0.2
best1exp,13,0.1,14,-0.0,-0.0,13#0.1
best1exp,13,0.0,4,-0.0,0.0,13#0.0
best1exp,14,1.0,46,0.0,0.0,14#1.0
best1exp,14,0.9,141,0.0,0.0,14#0.9
best1exp,14,0.8,107,0.0,0.0,14#0.8
best1exp,14,0.7,96,0.0,0.0,14#0.7
best1exp,14,0.6,76,0.0,0.0,14#0.6
best1exp,14,0.5,62,0.0,0.0,14#0.5
best1exp,14,0.4,47,0.0,0.0,14#0.4
best1exp,14,0.3,37,0.0,0.0,14#0.3
best1exp,14,0.2,28,0.0,0.0,14#0.2
best1exp,14,0.1,24,-0.0,-0.0,14#0.1
best1exp,14,0.0,4,-0.97,-0.97,14#0.0
best1exp,15,1.0,45,-0.0,-0.0,15#1.0
best1exp,15,0.9,137,0.0,0.0,15#0.9
best1exp,15,0.8,115,0.0,0.0,15#0.8
best1exp,15,0.7,94,0.0,0.0,15#0.7
best1exp,15,0.6,73,0.0,0.0,15#0.6
best1exp,15,0.5,64,0.0,0.0,15#0.5
best1exp,15,0.4,48,0.0,0.0,15#0.4
best1exp,15,0.3,35,0.0,0.0,15#0.3
best1exp,15,0.2,30,0.0,0.0,15#0.2
best1exp,15,0.1,24,0.0,0.0,15#0.1
best1exp,15,0.0,3,0.97,-0.97,15#0.0
best1exp,16,1.0,47,0.0,0.0,16#1.0
best1exp,16,0.9,128,0.0,0.0,16#0.9
best1exp,16,0.8,115,0.0,0.0,16#0.8
best1exp,16,0.7,94,0.0,0.0,16#0.7
best1exp,16,0.6,69,0.0,0.0,16#0.6
best1exp,16,0.5,58,0.0,0.0,16#0.5
best1exp,16,0.4,45,0.0,0.0,16#0.4
best1exp,16,0.3,36,0.0,0.0,16#0.3
best1exp,16,0.2,29,0.0,0.0,16#0.2
best1exp,16,0.1,24,0.0,0.0,16#0.1
best1exp,16,0.0,3,0.04,1.31,16#0.0
best1exp,17,1.0,161,0.0,0.0,17#1.0
best1exp,17,0.9,129,0.0,0.0,17#0.9
best1exp,17,0.8,114,0.0,0.0,17#0.8
best1exp,17,0.7,101,0.0,0.0,17#0.7
best1exp,17,0.6,77,0.0,0.0,17#0.6
best1exp,17,0.5,61,0.0,0.0,17#0.5
best1exp,17,0.4,51,-0.0,-0.0,17#0.4
best1exp,17,0.3,37,0.0,0.0,17#0.3
best1exp,17,0.2,29,0.0,0.0,17#0.2
best1exp,17,0.1,23,0.0,0.0,17#0.1
best1exp,17,0.0,3,0.95,-0.0,17#0.0
best1exp,18,1.0,35,-0.0,-0.0,18#1.0
best1exp,18,0.9,136,0.0,0.0,18#0.9
best1exp,18,0.8,109,0.0,0.0,18#0.8
best1exp,18,0.7,94,0.0,0.0,18#0.7
best1exp,18,0.6,77,0.0,0.0,18#0.6
best1exp,18,0.5,65,0.0,0.0,18#0.5
best1exp,18,0.4,47,0.0,0.0,18#0.4
best1exp,18,0.3,36,0.0,0.0,18#0.3
best1exp,18,0.2,6,0.95,-0.0,18#0.2
best1exp,18,0.1,6,0.95,0.0,18#0.1
best1exp,18,0.0,4,1.96,0.0,18#0.0
best1exp,19,1.0,154,0.0,0.0,19#1.0
best1exp,19,0.9,136,0.0,0.0,19#0.9
best1exp,19,0.8,114,0.0,0.0,19#0.8
best1exp,19,0.7,95,0.0,0.0,19#0.7
best1exp,19,0.6,74,0.0,0.0,19#0.6
best1exp,19,0.5,61,0.0,0.0,19#0.5
best1exp,19,0.4,46,0.0,0.0,19#0.4
best1exp,19,0.3,36,0.0,0.0,19#0.3
best1exp,19,0.2,29,-0.0,0.0,19#0.2
best1exp,19,0.1,24,0.0,0.0,19#0.1
best1exp,19,0.0,3,0.36,-0.63,19#0.0
best1exp,20,1.0,159,0.0,0.0,20#1.0
best1exp,20,0.9,139,0.0,0.0,20#0.9
best1exp,20,0.8,111,0.0,0.0,20#0.8
best1exp,20,0.7,92,0.0,0.0,20#0.7
best1exp,20,0.6,76,0.0,0.0,20#0.6
best1exp,20,0.5,61,0.0,0.0,20#0.5
best1exp,20,0.4,46,0.0,0.0,20#0.4
best1exp,20,0.3,37,0.0,0.0,20#0.3
best1exp,20,0.2,28,0.0,0.0,20#0.2
best1exp,20,0.1,21,0.0,0.0,20#0.1
best1exp,20,0.0,2,0.0,-0.0,20#0.0
rand1exp,10,1.0,229,0.0,0.0,10#1.0
rand1exp,10,0.9,196,0.0,0.0,10#0.9
rand1exp,10,0.8,177,0.0,0.0,10#0.8
rand1exp,10,0.7,151,0.0,0.0,10#0.7
rand1exp,10,0.6,144,0.0,0.0,10#0.6
rand1exp,10,0.5,124,0.0,0.0,10#0.5
rand1exp,10,0.4,113,0.0,0.0,10#0.4
rand1exp,10,0.3,104,0.0,0.0,10#0.3
rand1exp,10,0.2,46,-0.0,-0.0,10#0.2
rand1exp,10,0.1,21,-0.0,0.02,10#0.1
rand1exp,10,0.0,8,-0.0,-0.0,10#0.0
rand1exp,11,1.0,229,0.0,0.0,11#1.0
rand1exp,11,0.9,214,0.0,0.0,11#0.9
rand1exp,11,0.8,180,0.0,0.0,11#0.8
rand1exp,11,0.7,166,0.0,0.0,11#0.7
rand1exp,11,0.6,138,0.0,0.0,11#0.6
rand1exp,11,0.5,114,0.0,0.0,11#0.5
rand1exp,11,0.4,111,0.0,0.0,11#0.4
rand1exp,11,0.3,105,0.0,0.0,11#0.3
rand1exp,11,0.2,38,-0.0,-0.0,11#0.2
rand1exp,11,0.1,30,-0.0,0.0,11#0.1
rand1exp,11,0.0,8,0.27,0.33,11#0.0
rand1exp,12,1.0,222,0.0,0.0,12#1.0
rand1exp,12,0.9,194,0.0,0.0,12#0.9
rand1exp,12,0.8,192,0.0,0.0,12#0.8
rand1exp,12,0.7,165,0.0,0.0,12#0.7
rand1exp,12,0.6,143,0.0,0.0,12#0.6
rand1exp,12,0.5,125,0.0,0.0,12#0.5
rand1exp,12,0.4,105,0.0,0.0,12#0.4
rand1exp,12,0.3,106,0.0,0.0,12#0.3
rand1exp,12,0.2,70,-0.0,-0.0,12#0.2
rand1exp,12,0.1,22,-0.0,-0.0,12#0.1
rand1exp,12,0.0,9,0.0,-0.0,12#0.0
rand1exp,13,1.0,230,0.0,0.0,13#1.0
rand1exp,13,0.9,195,0.0,0.0,13#0.9
rand1exp,13,0.8,171,0.0,0.0,13#0.8
rand1exp,13,0.7,149,0.0,0.0,13#0.7
rand1exp,13,0.6,158,0.0,0.0,13#0.6
rand1exp,13,0.5,131,0.0,0.0,13#0.5
rand1exp,13,0.4,105,0.0,0.0,13#0.4
rand1exp,13,0.3,113,0.0,0.0,13#0.3
rand1exp,13,0.2,75,-0.0,-0.0,13#0.2
rand1exp,13,0.1,45,-0.0,-0.0,13#0.1
rand1exp,13,0.0,13,-0.0,-0.0,13#0.0
rand1exp,14,1.0,227,0.0,0.0,14#1.0
rand1exp,14,0.9,204,0.0,0.0,14#0.9
rand1exp,14,0.8,184,0.0,0.0,14#0.8
rand1exp,14,0.7,160,0.0,0.0,14#0.7
rand1exp,14,0.6,149,0.0,0.0,14#0.6
rand1exp,14,0.5,127,0.0,0.0,14#0.5
rand1exp,14,0.4,114,0.0,0.0,14#0.4
rand1exp,14,0.3,111,0.0,0.0,14#0.3
rand1exp,14,0.2,102,-0.0,0.0,14#0.2
rand1exp,14,0.1,22,0.0,-0.0,14#0.1
rand1exp,14,0.0,12,0.42,0.03,14#0.0
rand1exp,15,1.0,213,0.0,0.0,15#1.0
rand1exp,15,0.9,199,0.0,0.0,15#0.9
rand1exp,15,0.8,172,0.0,0.0,15#0.8
rand1exp,15,0.7,164,0.0,0.0,15#0.7
rand1exp,15,0.6,137,0.0,0.0,15#0.6
rand1exp,15,0.5,129,0.0,0.0,15#0.5
rand1exp,15,0.4,116,0.0,0.0,15#0.4
rand1exp,15,0.3,109,0.0,0.0,15#0.3
rand1exp,15,0.2,94,0.0,0.0,15#0.2
rand1exp,15,0.1,36,-0.0,-0.0,15#0.1
rand1exp,15,0.0,9,-0.0,-0.95,15#0.0
rand1exp,16,1.0,198,0.0,0.0,16#1.0
rand1exp,16,0.9,213,0.0,0.0,16#0.9
rand1exp,16,0.8,180,0.0,0.0,16#0.8
rand1exp,16,0.7,157,0.0,0.0,16#0.7
rand1exp,16,0.6,148,0.0,0.0,16#0.6
rand1exp,16,0.5,129,0.0,0.0,16#0.5
rand1exp,16,0.4,111,0.0,0.0,16#0.4
rand1exp,16,0.3,97,0.0,0.0,16#0.3
rand1exp,16,0.2,82,-0.0,0.0,16#0.2
rand1exp,16,0.1,38,-0.0,-0.0,16#0.1
rand1exp,16,0.0,9,0.0,-0.0,16#0.0
rand1exp,17,1.0,223,0.0,0.0,17#1.0
rand1exp,17,0.9,205,0.0,0.0,17#0.9
rand1exp,17,0.8,181,0.0,0.0,17#0.8
rand1exp,17,0.7,165,0.0,0.0,17#0.7
rand1exp,17,0.6,143,0.0,0.0,17#0.6
rand1exp,17,0.5,124,0.0,0.0,17#0.5
rand1exp,17,0.4,118,0.0,0.0,17#0.4
rand1exp,17,0.3,96,0.0,0.0,17#0.3
rand1exp,17,0.2,99,0.0,-0.0,17#0.2
rand1exp,17,0.1,42,-0.0,-0.0,17#0.1
rand1exp,17,0.0,10,-0.0,-0.0,17#0.0
rand1exp,18,1.0,221,0.0,0.0,18#1.0
rand1exp,18,0.9,211,0.0,0.0,18#0.9
rand1exp,18,0.8,177,0.0,0.0,18#0.8
rand1exp,18,0.7,168,0.0,0.0,18#0.7
rand1exp,18,0.6,144,0.0,0.0,18#0.6
rand1exp,18,0.5,130,0.0,0.0,18#0.5
rand1exp,18,0.4,121,0.0,0.0,18#0.4
rand1exp,18,0.3,101,0.0,0.0,18#0.3
rand1exp,18,0.2,103,0.0,0.0,18#0.2
rand1exp,18,0.1,53,-0.0,-0.0,18#0.1
rand1exp,18,0.0,11,-0.0,-0.0,18#0.0
rand1exp,19,1.0,223,0.0,0.0,19#1.0
rand1exp,19,0.9,203,0.0,0.0,19#0.9
rand1exp,19,0.8,165,0.0,0.0,19#0.8
rand1exp,19,0.7,159,0.0,0.0,19#0.7
rand1exp,19,0.6,147,0.0,0.0,19#0.6
rand1exp,19,0.5,137,0.0,0.0,19#0.5
rand1exp,19,0.4,110,0.0,0.0,19#0.4
rand1exp,19,0.3,102,0.0,0.0,19#0.3
rand1exp,19,0.2,102,0.0,0.0,19#0.2
rand1exp,19,0.1,53,-0.0,-0.0,19#0.1
rand1exp,19,0.0,11,0.0,-0.0,19#0.0
rand1exp,20,1.0,211,0.0,0.0,20#1.0
rand1exp,20,0.9,206,0.0,0.0,20#0.9
rand1exp,20,0.8,171,0.0,0.0,20#0.8
rand1exp,20,0.7,157,0.0,0.0,20#0.7
rand1exp,20,0.6,137,0.0,0.0,20#0.6
rand1exp,20,0.5,124,0.0,0.0,20#0.5
rand1exp,20,0.4,112,0.0,0.0,20#0.4
rand1exp,20,0.3,105,0.0,0.0,20#0.3
rand1exp,20,0.2,95,0.0,0.0,20#0.2
rand1exp,20,0.1,39,-0.0,-0.0,20#0.1
rand1exp,20,0.0,8,0.0,0.95,20#0.0
randtobest1exp,10,1.0,42,-0.0,-0.0,10#1.0
randtobest1exp,10,0.9,132,0.0,0.0,10#0.9
randtobest1exp,10,0.8,116,0.0,0.0,10#0.8
randtobest1exp,10,0.7,99,0.0,0.0,10#0.7
randtobest1exp,10,0.6,92,0.0,0.0,10#0.6
randtobest1exp,10,0.5,81,0.0,0.0,10#0.5
randtobest1exp,10,0.4,72,0.0,0.0,10#0.4
randtobest1exp,10,0.3,76,0.0,0.0,10#0.3
randtobest1exp,10,0.2,23,0.0,-0.0,10#0.2
randtobest1exp,10,0.1,21,-0.0,0.02,10#0.1
randtobest1exp,10,0.0,8,-0.0,-0.0,10#0.0
randtobest1exp,11,1.0,36,-0.0,-0.0,11#1.0
randtobest1exp,11,0.9,143,0.0,0.0,11#0.9
randtobest1exp,11,0.8,120,0.0,0.0,11#0.8
randtobest1exp,11,0.7,99,0.0,0.0,11#0.7
randtobest1exp,11,0.6,91,0.0,0.0,11#0.6
randtobest1exp,11,0.5,79,0.0,0.0,11#0.5
randtobest1exp,11,0.4,71,0.0,0.0,11#0.4
randtobest1exp,11,0.3,56,0.0,-0.0,11#0.3
randtobest1exp,11,0.2,38,-0.0,-0.0,11#0.2
randtobest1exp,11,0.1,22,-0.0,-0.0,11#0.1
randtobest1exp,11,0.0,8,0.27,0.33,11#0.0
randtobest1exp,12,1.0,75,-0.0,-0.0,12#1.0
randtobest1exp,12,0.9,126,0.0,0.0,12#0.9
randtobest1exp,12,0.8,117,0.0,0.0,12#0.8
randtobest1exp,12,0.7,103,0.0,0.0,12#0.7
randtobest1exp,12,0.6,86,0.0,0.0,12#0.6
randtobest1exp,12,0.5,77,0.0,0.0,12#0.5
randtobest1exp,12,0.4,71,0.0,0.0,12#0.4
randtobest1exp,12,0.3,73,0.0,0.0,12#0.3
randtobest1exp,12,0.2,43,-0.0,-0.0,12#0.2
randtobest1exp,12,0.1,18,-0.0,-0.0,12#0.1
randtobest1exp,12,0.0,9,0.0,-0.0,12#0.0
randtobest1exp,13,1.0,47,-0.0,-0.0,13#1.0
randtobest1exp,13,0.9,144,0.0,0.0,13#0.9
randtobest1exp,13,0.8,122,0.0,0.0,13#0.8
randtobest1exp,13,0.7,96,0.0,0.0,13#0.7
randtobest1exp,13,0.6,85,0.0,0.0,13#0.6
randtobest1exp,13,0.5,75,0.0,0.0,13#0.5
randtobest1exp,13,0.4,74,0.0,0.0,13#0.4
randtobest1exp,13,0.3,70,0.0,0.0,13#0.3
randtobest1exp,13,0.2,70,0.0,-0.0,13#0.2
randtobest1exp,13,0.1,26,-0.0,0.0,13#0.1
randtobest1exp,13,0.0,13,-0.0,-0.0,13#0.0
randtobest1exp,14,1.0,42,-0.0,0.0,14#1.0
randtobest1exp,14,0.9,129,0.0,0.0,14#0.9
randtobest1exp,14,0.8,113,0.0,0.0,14#0.8
randtobest1exp,14,0.7,101,0.0,0.0,14#0.7
randtobest1exp,14,0.6,87,0.0,0.0,14#0.6
randtobest1exp,14,0.5,72,0.0,0.0,14#0.5
randtobest1exp,14,0.4,75,0.0,0.0,14#0.4
randtobest1exp,14,0.3,68,0.0,0.0,14#0.3
randtobest1exp,14,0.2,38,-0.0,0.0,14#0.2
randtobest1exp,14,0.1,24,-0.0,-0.0,14#0.1
randtobest1exp,14,0.0,12,0.42,0.03,14#0.0
randtobest1exp,15,1.0,166,0.0,0.0,15#1.0
randtobest1exp,15,0.9,132,0.0,0.0,15#0.9
randtobest1exp,15,0.8,118,0.0,0.0,15#0.8
randtobest1exp,15,0.7,96,0.0,0.0,15#0.7
randtobest1exp,15,0.6,86,0.0,0.0,15#0.6
randtobest1exp,15,0.5,76,0.0,0.0,15#0.5
randtobest1exp,15,0.4,77,0.0,0.0,15#0.4
randtobest1exp,15,0.3,71,0.0,0.0,15#0.3
randtobest1exp,15,0.2,75,0.0,0.0,15#0.2
randtobest1exp,15,0.1,26,0.0,-0.0,15#0.1
randtobest1exp,15,0.0,9,-0.0,-0.95,15#0.0
randtobest1exp,16,1.0,110,-0.0,-0.0,16#1.0
randtobest1exp,16,0.9,135,0.0,0.0,16#0.9
randtobest1exp,16,0.8,109,0.0,0.0,16#0.8
randtobest1exp,16,0.7,96,0.0,0.0,16#0.7
randtobest1exp,16,0.6,86,0.0,0.0,16#0.6
randtobest1exp,16,0.5,80,0.0,0.0,16#0.5
randtobest1exp,16,0.4,76,0.0,0.0,16#0.4
randtobest1exp,16,0.3,71,0.0,0.0,16#0.3
randtobest1exp,16,0.2,75,0.0,0.0,16#0.2
randtobest1exp,16,0.1,28,0.0,-0.0,16#0.1
randtobest1exp,16,0.0,9,0.0,-0.0,16#0.0
randtobest1exp,17,1.0,142,-0.0,0.0,17#1.0
randtobest1exp,17,0.9,133,0.0,0.0,17#0.9
randtobest1exp,17,0.8,114,0.0,0.0,17#0.8
randtobest1exp,17,0.7,101,0.0,0.0,17#0.7
randtobest1exp,17,0.6,92,0.0,0.0,17#0.6
randtobest1exp,17,0.5,79,0.0,0.0,17#0.5
randtobest1exp,17,0.4,75,0.0,0.0,17#0.4
randtobest1exp,17,0.3,73,0.0,0.0,17#0.3
randtobest1exp,17,0.2,32,0.0,0.0,17#0.2
randtobest1exp,17,0.1,28,-0.0,-0.01,17#0.1
randtobest1exp,17,0.0,10,-0.0,-0.0,17#0.0
randtobest1exp,18,1.0,163,0.0,0.0,18#1.0
randtobest1exp,18,0.9,132,0.0,0.0,18#0.9
randtobest1exp,18,0.8,121,0.0,0.0,18#0.8
randtobest1exp,18,0.7,99,0.0,0.0,18#0.7
randtobest1exp,18,0.6,86,0.0,0.0,18#0.6
randtobest1exp,18,0.5,81,0.0,0.0,18#0.5
randtobest1exp,18,0.4,78,0.0,0.0,18#0.4
randtobest1exp,18,0.3,66,0.0,0.0,18#0.3
randtobest1exp,18,0.2,59,0.0,-0.0,18#0.2
randtobest1exp,18,0.1,14,0.95,-0.0,18#0.1
randtobest1exp,18,0.0,11,-0.0,-0.0,18#0.0
randtobest1exp,19,1.0,157,-0.0,-0.0,19#1.0
randtobest1exp,19,0.9,135,0.0,0.0,19#0.9
randtobest1exp,19,0.8,119,0.0,0.0,19#0.8
randtobest1exp,19,0.7,96,0.0,0.0,19#0.7
randtobest1exp,19,0.6,90,0.0,0.0,19#0.6
randtobest1exp,19,0.5,79,0.0,0.0,19#0.5
randtobest1exp,19,0.4,74,0.0,0.0,19#0.4
randtobest1exp,19,0.3,73,0.0,0.0,19#0.3
randtobest1exp,19,0.2,37,0.0,-0.0,19#0.2
randtobest1exp,19,0.1,18,-0.0,-0.0,19#0.1
randtobest1exp,19,0.0,11,0.0,-0.0,19#0.0
randtobest1exp,20,1.0,161,0.0,0.0,20#1.0
randtobest1exp,20,0.9,135,0.0,0.0,20#0.9
randtobest1exp,20,0.8,117,0.0,0.0,20#0.8
randtobest1exp,20,0.7,101,0.0,0.0,20#0.7
randtobest1exp,20,0.6,89,0.0,0.0,20#0.6
randtobest1exp,20,0.5,78,0.0,0.0,20#0.5
randtobest1exp,20,0.4,71,0.0,0.0,20#0.4
randtobest1exp,20,0.3,71,0.0,0.0,20#0.3
randtobest1exp,20,0.2,71,0.0,0.0,20#0.2
randtobest1exp,20,0.1,28,-0.0,-0.0,20#0.1
randtobest1exp,20,0.0,8,0.0,0.95,20#0.0
currenttobest1exp,10,1.0,89,-0.0,0.0,10#1.0
currenttobest1exp,10,0.9,1000,0.0,0.0,10#0.9
currenttobest1exp,10,0.8,1000,0.0,0.0,10#0.8
currenttobest1exp,10,0.7,1000,0.0,0.0,10#0.7
currenttobest1exp,10,0.6,1000,0.0,0.0,10#0.6
currenttobest1exp,10,0.5,1000,0.0,0.0,10#0.5
currenttobest1exp,10,0.4,1000,0.0,0.0,10#0.4
currenttobest1exp,10,0.3,1000,0.0,0.0,10#0.3
currenttobest1exp,10,0.2,1000,0.0,0.0,10#0.2
currenttobest1exp,10,0.1,1000,0.0,0.0,10#0.1
currenttobest1exp,10,0.0,1000,-0.0,-0.0,10#0.0
currenttobest1exp,11,1.0,63,-0.0,0.0,11#1.0
currenttobest1exp,11,0.9,1000,0.0,0.0,11#0.9
currenttobest1exp,11,0.8,1000,0.0,0.0,11#0.8
currenttobest1exp,11,0.7,1000,0.0,0.0,11#0.7
currenttobest1exp,11,0.6,1000,0.0,0.0,11#0.6
currenttobest1exp,11,0.5,1000,0.0,0.0,11#0.5
currenttobest1exp,11,0.4,1000,0.0,0.0,11#0.4
currenttobest1exp,11,0.3,1000,0.0,0.0,11#0.3
currenttobest1exp,11,0.2,1000,0.0,0.0,11#0.2
currenttobest1exp,11,0.1,1000,-0.0,-0.0,11#0.1
currenttobest1exp,11,0.0,1000,0.27,0.33,11#0.0
currenttobest1exp,12,1.0,36,-0.0,-0.0,12#1.0
currenttobest1exp,12,0.9,1000,0.0,0.0,12#0.9
currenttobest1exp,12,0.8,1000,0.0,0.0,12#0.8
currenttobest1exp,12,0.7,1000,0.0,0.0,12#0.7
currenttobest1exp,12,0.6,1000,0.0,0.0,12#0.6
currenttobest1exp,12,0.5,1000,0.0,0.0,12#0.5
currenttobest1exp,12,0.4,1000,0.0,0.0,12#0.4
currenttobest1exp,12,0.3,1000,0.0,0.0,12#0.3
currenttobest1exp,12,0.2,1000,0.0,0.0,12#0.2
currenttobest1exp,12,0.1,1000,0.0,0.0,12#0.1
currenttobest1exp,12,0.0,1000,1.0,-0.53,12#0.0
currenttobest1exp,13,1.0,158,0.0,0.0,13#1.0
currenttobest1exp,13,0.9,1000,0.0,0.0,13#0.9
currenttobest1exp,13,0.8,1000,0.0,0.0,13#0.8
currenttobest1exp,13,0.7,1000,0.0,0.0,13#0.7
currenttobest1exp,13,0.6,1000,0.0,0.0,13#0.6
currenttobest1exp,13,0.5,1000,0.0,0.0,13#0.5
currenttobest1exp,13,0.4,1000,0.0,0.0,13#0.4
currenttobest1exp,13,0.3,1000,0.0,0.0,13#0.3
currenttobest1exp,13,0.2,1000,0.0,0.0,13#0.2
currenttobest1exp,13,0.1,1000,0.0,-0.0,13#0.1
currenttobest1exp,13,0.0,1000,0.0,-0.0,13#0.0
currenttobest1exp,14,1.0,46,0.0,0.0,14#1.0
currenttobest1exp,14,0.9,1000,0.0,0.0,14#0.9
currenttobest1exp,14,0.8,1000,0.0,0.0,14#0.8
currenttobest1exp,14,0.7,1000,0.0,0.0,14#0.7
currenttobest1exp,14,0.6,1000,0.0,0.0,14#0.6
currenttobest1exp,14,0.5,1000,0.0,0.0,14#0.5
currenttobest1exp,14,0.4,1000,0.0,0.0,14#0.4
currenttobest1exp,14,0.3,1000,0.0,0.0,14#0.3
currenttobest1exp,14,0.2,1000,0.0,0.0,14#0.2
currenttobest1exp,14,0.1,1000,0.0,0.0,14#0.1
currenttobest1exp,14,0.0,1000,-1.96,-0.98,14#0.0
currenttobest1exp,15,1.0,45,-0.0,-0.0,15#1.0
currenttobest1exp,15,0.9,1000,0.0,0.0,15#0.9
currenttobest1exp,15,0.8,1000,0.0,0.0,15#0.8
currenttobest1exp,15,0.7,1000,0.0,0.0,15#0.7
currenttobest1exp,15,0.6,1000,0.0,0.0,15#0.6
currenttobest1exp,15,0.5,1000,0.0,0.0,15#0.5
currenttobest1exp,15,0.4,1000,0.0,0.0,15#0.4
currenttobest1exp,15,0.3,1000,0.0,0.0,15#0.3
currenttobest1exp,15,0.2,1000,0.0,0.0,15#0.2
currenttobest1exp,15,0.1,1000,0.0,-0.0,15#0.1
currenttobest1exp,15,0.0,1000,0.97,-0.97,15#0.0
currenttobest1exp,16,1.0,47,-0.0,-0.0,16#1.0
currenttobest1exp,16,0.9,1000,0.0,0.0,16#0.9
currenttobest1exp,16,0.8,1000,0.0,0.0,16#0.8
currenttobest1exp,16,0.7,1000,0.0,0.0,16#0.7
currenttobest1exp,16,0.6,1000,0.0,0.0,16#0.6
currenttobest1exp,16,0.5,1000,0.0,0.0,16#0.5
currenttobest1exp,16,0.4,1000,0.0,0.0,16#0.4
currenttobest1exp,16,0.3,1000,0.0,0.0,16#0.3
currenttobest1exp,16,0.2,1000,0.0,0.0,16#0.2
currenttobest1exp,16,0.1,1000,0.0,0.0,16#0.1
currenttobest1exp,16,0.0,1000,-0.97,0.97,16#0.0
currenttobest1exp,17,1.0,164,0.0,0.0,17#1.0
currenttobest1exp,17,0.9,1000,0.0,0.0,17#0.9
currenttobest1exp,17,0.8,1000,0.0,0.0,17#0.8
currenttobest1exp,17,0.7,1000,0.0,0.0,17#0.7
currenttobest1exp,17,0.6,1000,0.0,0.0,17#0.6
currenttobest1exp,17,0.5,1000,0.0,0.0,17#0.5
currenttobest1exp,17,0.4,1000,0.0,0.0,17#0.4
currenttobest1exp,17,0.3,1000,0.0,0.0,17#0.3
currenttobest1exp,17,0.2,1000,0.0,0.0,17#0.2
currenttobest1exp,17,0.1,1000,-0.0,0.0,17#0.1
currenttobest1exp,17,0.0,1000,0.98,-1.96,17#0.0
currenttobest1exp,18,1.0,35,-0.0,-0.0,18#1.0
currenttobest1exp,18,0.9,1000,0.0,0.0,18#0.9
currenttobest1exp,18,0.8,1000,0.0,0.0,18#0.8
currenttobest1exp,18,0.7,1000,0.0,0.0,18#0.7
currenttobest1exp,18,0.6,1000,0.0,0.0,18#0.6
currenttobest1exp,18,0.5,1000,0.0,0.0,18#0.5
currenttobest1exp,18,0.4,1000,0.0,0.0,18#0.4
currenttobest1exp,18,0.3,1000,0.0,0.0,18#0.3
currenttobest1exp,18,0.2,1000,0.0,0.0,18#0.2
currenttobest1exp,18,0.1,1000,0.0,-0.0,18#0.1
currenttobest1exp,18,0.0,1000,1.96,0.0,18#0.0
currenttobest1exp,19,1.0,154,0.0,0.0,19#1.0
currenttobest1exp,19,0.9,1000,0.0,0.0,19#0.9
currenttobest1exp,19,0.8,1000,0.0,0.0,19#0.8
currenttobest1exp,19,0.7,1000,0.0,0.0,19#0.7
currenttobest1exp,19,0.6,1000,0.0,0.0,19#0.6
currenttobest1exp,19,0.5,1000,0.0,0.0,19#0.5
currenttobest1exp,19,0.4,1000,0.0,0.0,19#0.4
currenttobest1exp,19,0.3,1000,0.0,0.0,19#0.3
currenttobest1exp,19,0.2,1000,0.0,0.0,19#0.2
currenttobest1exp,19,0.1,1000,-0.0,0.0,19#0.1
currenttobest1exp,19,0.0,1000,-0.0,-0.0,19#0.0
currenttobest1exp,20,1.0,161,0.0,0.0,20#1.0
currenttobest1exp,20,0.9,1000,0.0,0.0,20#0.9
currenttobest1exp,20,0.8,1000,0.0,0.0,20#0.8
currenttobest1exp,20,0.7,1000,0.0,0.0,20#0.7
currenttobest1exp,20,0.6,1000,0.0,0.0,20#0.6
currenttobest1exp,20,0.5,1000,0.0,0.0,20#0.5
currenttobest1exp,20,0.4,1000,0.0,0.0,20#0.4
currenttobest1exp,20,0.3,1000,0.0,0.0,20#0.3
currenttobest1exp,20,0.2,1000,0.0,0.0,20#0.2
currenttobest1exp,20,0.1,1000,0.0,0.0,20#0.1
currenttobest1exp,20,0.0,1000,0.0,-0.0,20#0.0
best2exp,10,1.0,283,0.0,-0.0,10#1.0
best2exp,10,0.9,237,0.0,0.0,10#0.9
best2exp,10,0.8,207,0.0,0.0,10#0.8
best2exp,10,0.7,156,0.0,0.0,10#0.7
best2exp,10,0.6,119,0.0,0.0,10#0.6
best2exp,10,0.5,96,0.0,0.0,10#0.5
best2exp,10,0.4,67,0.0,0.0,10#0.4
best2exp,10,0.3,53,0.0,0.0,10#0.3
best2exp,10,0.2,38,0.0,0.0,10#0.2
best2exp,10,0.1,28,0.0,0.0,10#0.1
best2exp,10,0.0,4,-0.0,-0.0,10#0.0
best2exp,11,1.0,294,0.0,0.0,11#1.0
best2exp,11,0.9,227,0.0,0.0,11#0.9
best2exp,11,0.8,218,0.0,0.0,11#0.8
best2exp,11,0.7,159,0.0,0.0,11#0.7
best2exp,11,0.6,120,0.0,0.0,11#0.6
best2exp,11,0.5,95,0.0,0.0,11#0.5
best2exp,11,0.4,74,0.0,0.0,11#0.4
best2exp,11,0.3,56,0.0,0.0,11#0.3
best2exp,11,0.2,40,0.0,0.0,11#0.2
best2exp,11,0.1,20,-0.0,0.0,11#0.1
best2exp,11,0.0,3,0.27,0.33,11#0.0
best2exp,12,1.0,270,0.0,0.0,12#1.0
best2exp,12,0.9,245,0.0,0.0,12#0.9
best2exp,12,0.8,207,0.0,0.0,12#0.8
best2exp,12,0.7,147,0.0,0.0,12#0.7
best2exp,12,0.6,123,0.0,0.0,12#0.6
best2exp,12,0.5,96,0.0,0.0,12#0.5
best2exp,12,0.4,70,0.0,0.0,12#0.4
best2exp,12,0.3,54,0.0,0.0,12#0.3
best2exp,12,0.2,38,0.0,0.0,12#0.2
best2exp,12,0.1,38,0.0,0.0,12#0.1
best2exp,12,0.0,2,1.0,-0.53,12#0.0
best2exp,13,1.0,298,0.0,0.0,13#1.0
best2exp,13,0.9,228,0.0,0.0,13#0.9
best2exp,13,0.8,207,0.0,0.0,13#0.8
best2exp,13,0.7,168,0.0,0.0,13#0.7
best2exp,13,0.6,128,0.0,0.0,13#0.6
best2exp,13,0.5,91,0.0,0.0,13#0.5
best2exp,13,0.4,70,0.0,0.0,13#0.4
best2exp,13,0.3,52,0.0,0.0,13#0.3
best2exp,13,0.2,38,0.0,0.0,13#0.2
best2exp,13,0.1,26,0.0,0.0,13#0.1
best2exp,13,0.0,4,-0.0,0.0,13#0.0
best2exp,14,1.0,278,0.0,0.0,14#1.0
best2exp,14,0.9,239,0.0,0.0,14#0.9
best2exp,14,0.8,198,0.0,0.0,14#0.8
best2exp,14,0.7,154,0.0,0.0,14#0.7
best2exp,14,0.6,127,0.0,0.0,14#0.6
best2exp,14,0.5,97,0.0,0.0,14#0.5
best2exp,14,0.4,72,0.0,0.0,14#0.4
best2exp,14,0.3,55,0.0,0.0,14#0.3
best2exp,14,0.2,39,0.0,0.0,14#0.2
best2exp,14,0.1,29,0.0,0.0,14#0.1
best2exp,14,0.0,4,-0.97,-0.97,14#0.0
best2exp,15,1.0,271,0.0,0.0,15#1.0
best2exp,15,0.9,238,0.0,0.0,15#0.9
best2exp,15,0.8,188,0.0,0.0,15#0.8
best2exp,15,0.7,152,0.0,0.0,15#0.7
best2exp,15,0.6,122,0.0,0.0,15#0.6
best2exp,15,0.5,96,0.0,0.0,15#0.5
best2exp,15,0.4,70,0.0,0.0,15#0.4
best2exp,15,0.3,52,0.0,0.0,15#0.3
best2exp,15,0.2,37,0.0,0.0,15#0.2
best2exp,15,0.1,30,0.0,0.0,15#0.1
best2exp,15,0.0,3,0.97,-0.97,15#0.0
best2exp,16,1.0,278,0.0,0.0,16#1.0
best2exp,16,0.9,251,0.0,0.0,16#0.9
best2exp,16,0.8,206,0.0,0.0,16#0.8
best2exp,16,0.7,161,0.0,0.0,16#0.7
best2exp,16,0.6,125,0.0,0.0,16#0.6
best2exp,16,0.5,98,0.0,0.0,16#0.5
best2exp,16,0.4,70,0.0,0.0,16#0.4
best2exp,16,0.3,51,0.0,0.0,16#0.3
best2exp,16,0.2,39,0.0,0.0,16#0.2
best2exp,16,0.1,28,0.0,0.0,16#0.1
best2exp,16,0.0,3,-0.0,-0.0,16#0.0
best2exp,17,1.0,279,0.0,0.0,17#1.0
best2exp,17,0.9,242,0.0,0.0,17#0.9
best2exp,17,0.8,201,0.0,0.0,17#0.8
best2exp,17,0.7,166,0.0,0.0,17#0.7
best2exp,17,0.6,125,0.0,0.0,17#0.6
best2exp,17,0.5,97,0.0,0.0,17#0.5
best2exp,17,0.4,73,0.0,0.0,17#0.4
best2exp,17,0.3,52,0.0,0.0,17#0.3
best2exp,17,0.2,39,0.0,0.0,17#0.2
best2exp,17,0.1,26,-0.0,-0.0,17#0.1
best2exp,17,0.0,3,0.95,-0.0,17#0.0
best2exp,18,1.0,283,0.0,0.0,18#1.0
best2exp,18,0.9,242,0.0,0.0,18#0.9
best2exp,18,0.8,197,0.0,0.0,18#0.8
best2exp,18,0.7,163,0.0,0.0,18#0.7
best2exp,18,0.6,126,0.0,0.0,18#0.6
best2exp,18,0.5,100,0.0,0.0,18#0.5
best2exp,18,0.4,73,0.0,0.0,18#0.4
best2exp,18,0.3,54,0.0,0.0,18#0.3
best2exp,18,0.2,39,0.0,0.0,18#0.2
best2exp,18,0.1,28,0.0,0.0,18#0.1
best2exp,18,0.0,4,1.96,0.0,18#0.0
best2exp,19,1.0,275,0.0,0.0,19#1.0
best2exp,19,0.9,234,0.0,0.0,19#0.9
best2exp,19,0.8,202,0.0,0.0,19#0.8
best2exp,19,0.7,156,0.0,0.0,19#0.7
best2exp,19,0.6,123,0.0,0.0,19#0.6
best2exp,19,0.5,94,0.0,0.0,19#0.5
best2exp,19,0.4,71,0.0,0.0,19#0.4
best2exp,19,0.3,53,0.0,0.0,19#0.3
best2exp,19,0.2,39,0.0,0.0,19#0.2
best2exp,19,0.1,29,0.0,0.0,19#0.1
best2exp,19,0.0,3,0.36,-0.63,19#0.0
best2exp,20,1.0,285,0.0,0.0,20#1.0
best2exp,20,0.9,242,0.0,0.0,20#0.9
best2exp,20,0.8,203,0.0,0.0,20#0.8
best2exp,20,0.7,162,0.0,0.0,20#0.7
best2exp,20,0.6,129,0.0,0.0,20#0.6
best2exp,20,0.5,99,0.0,0.0,20#0.5
best2exp,20,0.4,72,0.0,0.0,20#0.4
best2exp,20,0.3,53,0.0,0.0,20#0.3
best2exp,20,0.2,38,0.0,0.0,20#0.2
best2exp,20,0.1,26,0.0,0.0,20#0.1
best2exp,20,0.0,2,0.0,-0.0,20#0.0
rand2exp,10,1.0,339,0.0,0.0,10#1.0
rand2exp,10,0.9,285,0.0,0.0,10#0.9
rand2exp,10,0.8,268,0.0,0.0,10#0.8
rand2exp,10,0.7,217,0.0,0.0,10#0.7
rand2exp,10,0.6,175,0.0,0.0,10#0.6
rand2exp,10,0.5,155,0.0,0.0,10#0.5
rand2exp,10,0.4,133,0.0,0.0,10#0.4
rand2exp,10,0.3,112,0.0,0.0,10#0.3
rand2exp,10,0.2,107,0.0,0.0,10#0.2
rand2exp,10,0.1,27,-0.0,-0.0,10#0.1
rand2exp,10,0.0,8,-0.0,-0.0,10#0.0
rand2exp,11,1.0,332,0.0,0.0,11#1.0
rand2exp,11,0.9,291,0.0,0.0,11#0.9
rand2exp,11,0.8,256,0.0,0.0,11#0.8
rand2exp,11,0.7,225,0.0,0.0,11#0.7
rand2exp,11,0.6,185,0.0,0.0,11#0.6
rand2exp,11,0.5,147,0.0,0.0,11#0.5
rand2exp,11,0.4,131,0.0,0.0,11#0.4
rand2exp,11,0.3,112,0.0,0.0,11#0.3
rand2exp,11,0.2,105,0.0,0.0,11#0.2
rand2exp,11,0.1,45,-0.0,0.0,11#0.1
rand2exp,11,0.0,8,0.27,0.33,11#0.0
rand2exp,12,1.0,347,0.0,0.0,12#1.0
rand2exp,12,0.9,297,0.0,0.0,12#0.9
rand2exp,12,0.8,266,0.0,0.0,12#0.8
rand2exp,12,0.7,220,0.0,0.0,12#0.7
rand2exp,12,0.6,183,0.0,0.0,12#0.6
rand2exp,12,0.5,156,0.0,0.0,12#0.5
rand2exp,12,0.4,143,0.0,0.0,12#0.4
rand2exp,12,0.3,121,0.0,0.0,12#0.3
rand2exp,12,0.2,93,0.0,0.0,12#0.2
rand2exp,12,0.1,50,-0.0,0.0,12#0.1
rand2exp,12,0.0,9,0.0,-0.0,12#0.0
rand2exp,13,1.0,349,0.0,0.0,13#1.0
rand2exp,13,0.9,305,0.0,0.0,13#0.9
rand2exp,13,0.8,260,0.0,0.0,13#0.8
rand2exp,13,0.7,206,0.0,0.0,13#0.7
rand2exp,13,0.6,197,0.0,0.0,13#0.6
rand2exp,13,0.5,155,0.0,0.0,13#0.5
rand2exp,13,0.4,139,0.0,0.0,13#0.4
rand2exp,13,0.3,121,0.0,0.0,13#0.3
rand2exp,13,0.2,95,0.0,0.0,13#0.2
rand2exp,13,0.1,42,0.0,-0.0,13#0.1
rand2exp,13,0.0,13,-0.0,-0.0,13#0.0
rand2exp,14,1.0,342,0.0,0.0,14#1.0
rand2exp,14,0.9,302,0.0,0.0,14#0.9
rand2exp,14,0.8,260,0.0,0.0,14#0.8
rand2exp,14,0.7,225,0.0,0.0,14#0.7
rand2exp,14,0.6,194,0.0,0.0,14#0.6
rand2exp,14,0.5,161,0.0,0.0,14#0.5
rand2exp,14,0.4,136,0.0,0.0,14#0.4
rand2exp,14,0.3,117,0.0,0.0,14#0.3
rand2exp,14,0.2,105,0.0,0.0,14#0.2
rand2exp,14,0.1,36,-0.0,-0.0,14#0.1
rand2exp,14,0.0,12,0.42,0.03,14#0.0
rand2exp,15,1.0,341,0.0,0.0,15#1.0
rand2exp,15,0.9,293,0.0,0.0,15#0.9
rand2exp,15,0.8,253,0.0,0.0,15#0.8
rand2exp,15,0.7,228,0.0,0.0,15#0.7
rand2exp,15,0.6,190,0.0,0.0,15#0.6
rand2exp,15,0.5,154,0.0,0.0,15#0.5
rand2exp,15,0.4,141,0.0,0.0,15#0.4
rand2exp,15,0.3,116,0.0,0.0,15#0.3
rand2exp,15,0.2,104,0.0,0.0,15#0.2
rand2exp,15,0.1,71,-0.0,0.0,15#0.1
rand2exp,15,0.0,9,-0.0,-0.95,15#0.0
rand2exp,16,1.0,348,0.0,0.0,16#1.0
rand2exp,16,0.9,292,0.0,0.0,16#0.9
rand2exp,16,0.8,254,0.0,0.0,16#0.8
rand2exp,16,0.7,237,0.0,0.0,16#0.7
rand2exp,16,0.6,190,0.0,0.0,16#0.6
rand2exp,16,0.5,157,0.0,0.0,16#0.5
rand2exp,16,0.4,144,0.0,0.0,16#0.4
rand2exp,16,0.3,120,0.0,0.0,16#0.3
rand2exp,16,0.2,101,0.0,0.0,16#0.2
rand2exp,16,0.1,32,-0.0,-0.0,16#0.1
rand2exp,16,0.0,9,0.0,-0.0,16#0.0
rand2exp,17,1.0,330,0.0,0.0,17#1.0
rand2exp,17,0.9,305,0.0,0.0,17#0.9
rand2exp,17,0.8,251,0.0,0.0,17#0.8
rand2exp,17,0.7,223,0.0,0.0,17#0.7
rand2exp,17,0.6,190,0.0,0.0,17#0.6
rand2exp,17,0.5,161,0.0,0.0,17#0.5
rand2exp,17,0.4,133,0.0,0.0,17#0.4
rand2exp,17,0.3,115,0.0,0.0,17#0.3
rand2exp,17,0.2,104,0.0,0.0,17#0.2
rand2exp,17,0.1,34,-0.0,-0.0,17#0.1
rand2exp,17,0.0,10,-0.0,-0.0,17#0.0
rand2exp,18,1.0,357,0.0,0.0,18#1.0
rand2exp,18,0.9,298,0.0,0.0,18#0.9
rand2exp,18,0.8,259,0.0,0.0,18#0.8
rand2exp,18,0.7,215,0.0,0.0,18#0.7
rand2exp,18,0.6,186,0.0,0.0,18#0.6
rand2exp,18,0.5,160,0.0,0.0,18#0.5
rand2exp,18,0.4,133,0.0,0.0,18#0.4
rand2exp,18,0.3,119,0.0,0.0,18#0.3
rand2exp,18,0.2,110,0.0,0.0,18#0.2
rand2exp,18,0.1,97,0.0,0.0,18#0.1
rand2exp,18,0.0,11,-0.0,-0.0,18#0.0
rand2exp,19,1.0,333,0.0,0.0,19#1.0
rand2exp,19,0.9,296,0.0,0.0,19#0.9
rand2exp,19,0.8,253,0.0,0.0,19#0.8
rand2exp,19,0.7,220,0.0,0.0,19#0.7
rand2exp,19,0.6,189,0.0,0.0,19#0.6
rand2exp,19,0.5,162,0.0,0.0,19#0.5
rand2exp,19,0.4,134,0.0,0.0,19#0.4
rand2exp,19,0.3,121,0.0,0.0,19#0.3
rand2exp,19,0.2,106,0.0,0.0,19#0.2
rand2exp,19,0.1,90,-0.0,0.0,19#0.1
rand2exp,19,0.0,11,0.0,-0.0,19#0.0
rand2exp,20,1.0,331,0.0,0.0,20#1.0
rand2exp,20,0.9,307,0.0,0.0,20#0.9
rand2exp,20,0.8,262,0.0,0.0,20#0.8
rand2exp,20,0.7,221,0.0,0.0,20#0.7
rand2exp,20,0.6,187,0.0,0.0,20#0.6
rand2exp,20,0.5,162,0.0,0.0,20#0.5
rand2exp,20,0.4,135,0.0,0.0,20#0.4
rand2exp,20,0.3,121,0.0,0.0,20#0.3
rand2exp,20,0.2,92,0.0,0.0,20#0.2
rand2exp,20,0.1,92,0.0,0.0,20#0.1
rand2exp,20,0.0,8,0.0,0.95,20#0.0
randtobest1bin,10,1.0,43,0.0,-0.0,10#1.0
randtobest1bin,10,0.9,143,0.0,0.0,10#0.9
randtobest1bin,10,0.8,112,0.0,0.0,10#0.8
randtobest1bin,10,0.7,101,0.0,0.0,10#0.7
randtobest1bin,10,0.6,81,0.0,0.0,10#0.6
randtobest1bin,10,0.5,71,0.0,0.0,10#0.5
randtobest1bin,10,0.4,73,0.0,0.0,10#0.4
randtobest1bin,10,0.3,74,-0.0,-0.0,10#0.3
randtobest1bin,10,0.2,20,0.0,-0.0,10#0.2
randtobest1bin,10,0.1,10,0.0,0.95,10#0.1
randtobest1bin,10,0.0,6,-0.0,-0.0,10#0.0
randtobest1bin,11,1.0,34,-0.0,0.0,11#1.0
randtobest1bin,11,0.9,124,0.0,0.0,11#0.9
randtobest1bin,11,0.8,112,0.0,0.0,11#0.8
randtobest1bin,11,0.7,97,0.0,0.0,11#0.7
randtobest1bin,11,0.6,82,0.0,0.0,11#0.6
randtobest1bin,11,0.5,76,0.0,0.0,11#0.5
randtobest1bin,11,0.4,71,0.0,0.0,11#0.4
randtobest1bin,11,0.3,66,0.0,0.0,11#0.3
randtobest1bin,11,0.2,40,0.0,-0.0,11#0.2
randtobest1bin,11,0.1,19,-0.0,-0.0,11#0.1
randtobest1bin,11,0.0,10,0.27,0.33,11#0.0
randtobest1bin,12,1.0,41,-0.0,-0.0,12#1.0
randtobest1bin,12,0.9,142,0.0,0.0,12#0.9
randtobest1bin,12,0.8,116,0.0,0.0,12#0.8
randtobest1bin,12,0.7,100,0.0,0.0,12#0.7
randtobest1bin,12,0.6,82,0.0,0.0,12#0.6
randtobest1bin,12,0.5,78,0.0,0.0,12#0.5
randtobest1bin,12,0.4,75,0.0,0.0,12#0.4
randtobest1bin,12,0.3,49,-0.0,-0.0,12#0.3
randtobest1bin,12,0.2,31,0.0,-0.0,12#0.2
randtobest1bin,12,0.1,28,-0.0,0.02,12#0.1
randtobest1bin,12,0.0,9,0.0,-0.0,12#0.0
randtobest1bin,13,1.0,50,0.0,-0.0,13#1.0
randtobest1bin,13,0.9,134,0.0,0.0,13#0.9
randtobest1bin,13,0.8,106,0.0,0.0,13#0.8
randtobest1bin,13,0.7,94,0.0,0.0,13#0.7
randtobest1bin,13,0.6,89,0.0,0.0,13#0.6
randtobest1bin,13,0.5,75,0.0,0.0,13#0.5
randtobest1bin,13,0.4,76,0.0,0.0,13#0.4
randtobest1bin,13,0.3,70,0.0,0.0,13#0.3
randtobest1bin,13,0.2,72,0.0,0.0,13#0.2
randtobest1bin,13,0.1,26,-0.0,0.0,13#0.1
randtobest1bin,13,0.0,13,-0.0,-0.0,13#0.0
randtobest1bin,14,1.0,166,0.0,0.0,14#1.0
randtobest1bin,14,0.9,131,0.0,0.0,14#0.9
randtobest1bin,14,0.8,114,0.0,0.0,14#0.8
randtobest1bin,14,0.7,94,0.0,0.0,14#0.7
randtobest1bin,14,0.6,87,0.0,0.0,14#0.6
randtobest1bin,14,0.5,80,0.0,0.0,14#0.5
randtobest1bin,14,0.4,77,0.0,0.0,14#0.4
randtobest1bin,14,0.3,68,0.0,0.0,14#0.3
randtobest1bin,14,0.2,74,0.0,0.0,14#0.2
randtobest1bin,14,0.1,46,-0.0,-0.0,14#0.1
randtobest1bin,14,0.0,9,0.42,0.03,14#0.0
randtobest1bin,15,1.0,84,-0.0,-0.0,15#1.0
randtobest1bin,15,0.9,135,0.0,0.0,15#0.9
randtobest1bin,15,0.8,117,0.0,0.0,15#0.8
randtobest1bin,15,0.7,103,0.0,0.0,15#0.7
randtobest1bin,15,0.6,83,0.0,0.0,15#0.6
randtobest1bin,15,0.5,80,0.0,0.0,15#0.5
randtobest1bin,15,0.4,70,0.0,0.0,15#0.4
randtobest1bin,15,0.3,73,0.0,0.0,15#0.3
randtobest1bin,15,0.2,71,0.0,0.0,15#0.2
randtobest1bin,15,0.1,24,0.0,-0.0,15#0.1
randtobest1bin,15,0.0,10,-0.0,-0.95,15#0.0
randtobest1bin,16,1.0,60,0.0,0.0,16#1.0
randtobest1bin,16,0.9,136,0.0,0.0,16#0.9
randtobest1bin,16,0.8,114,0.0,0.0,16#0.8
randtobest1bin,16,0.7,99,0.0,0.0,16#0.7
randtobest1bin,16,0.6,86,0.0,0.0,16#0.6
randtobest1bin,16,0.5,74,0.0,0.0,16#0.5
randtobest1bin,16,0.4,71,0.0,0.0,16#0.4
randtobest1bin,16,0.3,72,0.0,0.0,16#0.3
randtobest1bin,16,0.2,73,0.0,0.0,16#0.2
randtobest1bin,16,0.1,47,-0.0,0.0,16#0.1
randtobest1bin,16,0.0,11,0.0,-0.0,16#0.0
randtobest1bin,17,1.0,148,-0.0,0.0,17#1.0
randtobest1bin,17,0.9,138,0.0,0.0,17#0.9
randtobest1bin,17,0.8,116,0.0,0.0,17#0.8
randtobest1bin,17,0.7,102,0.0,0.0,17#0.7
randtobest1bin,17,0.6,86,0.0,0.0,17#0.6
randtobest1bin,17,0.5,75,0.0,0.0,17#0.5
randtobest1bin,17,0.4,75,0.0,0.0,17#0.4
randtobest1bin,17,0.3,74,0.0,0.0,17#0.3
randtobest1bin,17,0.2,55,-0.0,-0.0,17#0.2
randtobest1bin,17,0.1,32,0.0,-0.0,17#0.1
randtobest1bin,17,0.0,11,0.95,-0.0,17#0.0
randtobest1bin,18,1.0,152,0.0,0.0,18#1.0
randtobest1bin,18,0.9,132,0.0,0.0,18#0.9
randtobest1bin,18,0.8,114,0.0,0.0,18#0.8
randtobest1bin,18,0.7,100,0.0,0.0,18#0.7
randtobest1bin,18,0.6,91,0.0,0.0,18#0.6
randtobest1bin,18,0.5,81,0.0,0.0,18#0.5
randtobest1bin,18,0.4,78,0.0,0.0,18#0.4
randtobest1bin,18,0.3,70,0.0,0.0,18#0.3
randtobest1bin,18,0.2,40,-0.0,-0.0,18#0.2
randtobest1bin,18,0.1,33,-0.0,0.0,18#0.1
randtobest1bin,18,0.0,10,-0.0,-0.0,18#0.0
randtobest1bin,19,1.0,154,0.0,0.0,19#1.0
randtobest1bin,19,0.9,131,0.0,0.0,19#0.9
randtobest1bin,19,0.8,126,0.0,0.0,19#0.8
randtobest1bin,19,0.7,94,0.0,0.0,19#0.7
randtobest1bin,19,0.6,80,0.0,0.0,19#0.6
randtobest1bin,19,0.5,76,0.0,0.0,19#0.5
randtobest1bin,19,0.4,75,0.0,0.0,19#0.4
randtobest1bin,19,0.3,73,0.0,0.0,19#0.3
randtobest1bin,19,0.2,71,0.0,0.0,19#0.2
randtobest1bin,19,0.1,39,-0.0,-0.0,19#0.1
randtobest1bin,19,0.0,12,0.0,-0.0,19#0.0
randtobest1bin,20,1.0,161,0.0,0.0,20#1.0
randtobest1bin,20,0.9,137,0.0,0.0,20#0.9
randtobest1bin,20,0.8,112,0.0,0.0,20#0.8
randtobest1bin,20,0.7,102,0.0,0.0,20#0.7
randtobest1bin,20,0.6,88,0.0,0.0,20#0.6
randtobest1bin,20,0.5,81,0.0,0.0,20#0.5
randtobest1bin,20,0.4,74,0.0,0.0,20#0.4
randtobest1bin,20,0.3,73,0.0,0.0,20#0.3
randtobest1bin,20,0.2,72,0.0,0.0,20#0.2
randtobest1bin,20,0.1,40,-0.0,-0.0,20#0.1
randtobest1bin,20,0.0,8,-0.0,0.0,20#0.0
currenttobest1bin,10,1.0,35,0.0,0.0,10#1.0
currenttobest1bin,10,0.9,1000,0.0,0.0,10#0.9
currenttobest1bin,10,0.8,1000,0.0,0.0,10#0.8
currenttobest1bin,10,0.7,1000,0.0,0.0,10#0.7
currenttobest1bin,10,0.6,1000,0.0,0.0,10#0.6
currenttobest1bin,10,0.5,1000,0.0,0.0,10#0.5
currenttobest1bin,10,0.4,1000,0.0,0.0,10#0.4
currenttobest1bin,10,0.3,1000,0.0,0.0,10#0.3
currenttobest1bin,10,0.2,1000,0.0,0.0,10#0.2
currenttobest1bin,10,0.1,1000,0.0,0.0,10#0.1
currenttobest1bin,10,0.0,1000,-0.0,-0.0,10#0.0
currenttobest1bin,11,1.0,71,-0.0,0.0,11#1.0
currenttobest1bin,11,0.9,1000,0.0,0.0,11#0.9
currenttobest1bin,11,0.8,1000,0.0,0.0,11#0.8
currenttobest1bin,11,0.7,1000,0.0,0.0,11#0.7
currenttobest1bin,11,0.6,1000,0.0,0.0,11#0.6
currenttobest1bin,11,0.5,1000,0.0,0.0,11#0.5
currenttobest1bin,11,0.4,1000,0.0,0.0,11#0.4
currenttobest1bin,11,0.3,1000,0.0,0.0,11#0.3
currenttobest1bin,11,0.2,1000,0.0,0.0,11#0.2
currenttobest1bin,11,0.1,1000,-0.0,-0.0,11#0.1
currenttobest1bin,11,0.0,1000,0.27,0.33,11#0.0
currenttobest1bin,12,1.0,43,-0.0,-0.0,12#1.0
currenttobest1bin,12,0.9,1000,0.0,0.0,12#0.9
currenttobest1bin,12,0.8,1000,0.0,0.0,12#0.8
currenttobest1bin,12,0.7,1000,0.0,0.0,12#0.7
currenttobest1bin,12,0.6,1000,0.0,0.0,12#0.6
currenttobest1bin,12,0.5,1000,0.0,0.0,12#0.5
currenttobest1bin,12,0.4,1000,0.0,0.0,12#0.4
currenttobest1bin,12,0.3,1000,0.0,0.0,12#0.3
currenttobest1bin,12,0.2,1000,0.0,0.0,12#0.2
currenttobest1bin,12,0.1,1000,0.0,0.0,12#0.1
currenttobest1bin,12,0.0,1000,1.0,-0.53,12#0.0
currenttobest1bin,13,1.0,39,-0.0,-0.0,13#1.0
currenttobest1bin,13,0.9,1000,0.0,0.0,13#0.9
currenttobest1bin,13,0.8,1000,0.0,0.0,13#0.8
currenttobest1bin,13,0.7,1000,0.0,0.0,13#0.7
currenttobest1bin,13,0.6,1000,0.0,0.0,13#0.6
currenttobest1bin,13,0.5,1000,0.0,0.0,13#0.5
currenttobest1bin,13,0.4,1000,0.0,0.0,13#0.4
currenttobest1bin,13,0.3,1000,0.0,0.0,13#0.3
currenttobest1bin,13,0.2,1000,0.0,0.0,13#0.2
currenttobest1bin,13,0.1,1000,-0.0,0.0,13#0.1
currenttobest1bin,13,0.0,1000,0.0,-0.0,13#0.0
currenttobest1bin,14,1.0,65,-0.0,-0.0,14#1.0
currenttobest1bin,14,0.9,1000,0.0,0.0,14#0.9
currenttobest1bin,14,0.8,1000,0.0,0.0,14#0.8
currenttobest1bin,14,0.7,1000,0.0,0.0,14#0.7
currenttobest1bin,14,0.6,1000,0.0,0.0,14#0.6
currenttobest1bin,14,0.5,1000,0.0,0.0,14#0.5
currenttobest1bin,14,0.4,1000,0.0,0.0,14#0.4
currenttobest1bin,14,0.3,1000,0.0,0.0,14#0.3
currenttobest1bin,14,0.2,1000,0.0,0.0,14#0.2
currenttobest1bin,14,0.1,1000,-0.0,-0.0,14#0.1
currenttobest1bin,14,0.0,1000,-1.96,-0.98,14#0.0
currenttobest1bin,15,1.0,148,0.0,0.0,15#1.0
currenttobest1bin,15,0.9,1000,0.0,0.0,15#0.9
currenttobest1bin,15,0.8,1000,0.0,0.0,15#0.8
currenttobest1bin,15,0.7,1000,0.0,0.0,15#0.7
currenttobest1bin,15,0.6,1000,0.0,0.0,15#0.6
currenttobest1bin,15,0.5,1000,0.0,0.0,15#0.5
currenttobest1bin,15,0.4,1000,0.0,0.0,15#0.4
currenttobest1bin,15,0.3,1000,0.0,0.0,15#0.3
currenttobest1bin,15,0.2,1000,0.0,0.0,15#0.2
currenttobest1bin,15,0.1,1000,-0.0,0.0,15#0.1
currenttobest1bin,15,0.0,1000,0.97,-0.97,15#0.0
currenttobest1bin,16,1.0,120,0.0,-0.0,16#1.0
currenttobest1bin,16,0.9,1000,0.0,0.0,16#0.9
currenttobest1bin,16,0.8,1000,0.0,0.0,16#0.8
currenttobest1bin,16,0.7,1000,0.0,0.0,16#0.7
currenttobest1bin,16,0.6,1000,0.0,0.0,16#0.6
currenttobest1bin,16,0.5,1000,0.0,0.0,16#0.5
currenttobest1bin,16,0.4,1000,0.0,0.0,16#0.4
currenttobest1bin,16,0.3,1000,0.0,0.0,16#0.3
currenttobest1bin,16,0.2,1000,0.0,0.0,16#0.2
currenttobest1bin,16,0.1,1000,-0.0,-0.0,16#0.1
currenttobest1bin,16,0.0,1000,-0.97,0.97,16#0.0
currenttobest1bin,17,1.0,161,-0.0,-0.0,17#1.0
currenttobest1bin,17,0.9,1000,0.0,0.0,17#0.9
currenttobest1bin,17,0.8,1000,0.0,0.0,17#0.8
currenttobest1bin,17,0.7,1000,0.0,0.0,17#0.7
currenttobest1bin,17,0.6,1000,0.0,0.0,17#0.6
currenttobest1bin,17,0.5,1000,0.0,0.0,17#0.5
currenttobest1bin,17,0.4,1000,0.0,0.0,17#0.4
currenttobest1bin,17,0.3,1000,0.0,0.0,17#0.3
currenttobest1bin,17,0.2,1000,0.0,0.0,17#0.2
currenttobest1bin,17,0.1,1000,-0.0,-0.0,17#0.1
currenttobest1bin,17,0.0,1000,0.98,-1.96,17#0.0
currenttobest1bin,18,1.0,154,0.0,0.0,18#1.0
currenttobest1bin,18,0.9,1000,0.0,0.0,18#0.9
currenttobest1bin,18,0.8,1000,0.0,0.0,18#0.8
currenttobest1bin,18,0.7,1000,0.0,0.0,18#0.7
currenttobest1bin,18,0.6,1000,0.0,0.0,18#0.6
currenttobest1bin,18,0.5,1000,0.0,0.0,18#0.5
currenttobest1bin,18,0.4,1000,0.0,0.0,18#0.4
currenttobest1bin,18,0.3,1000,0.0,0.0,18#0.3
currenttobest1bin,18,0.2,1000,0.0,0.0,18#0.2
currenttobest1bin,18,0.1,1000,0.0,-0.0,18#0.1
currenttobest1bin,18,0.0,1000,1.96,0.0,18#0.0
currenttobest1bin,19,1.0,155,0.0,0.0,19#1.0
currenttobest1bin,19,0.9,1000,0.0,0.0,19#0.9
currenttobest1bin,19,0.8,1000,0.0,0.0,19#0.8
currenttobest1bin,19,0.7,1000,0.0,0.0,19#0.7
currenttobest1bin,19,0.6,1000,0.0,0.0,19#0.6
currenttobest1bin,19,0.5,1000,0.0,0.0,19#0.5
currenttobest1bin,19,0.4,1000,0.0,0.0,19#0.4
currenttobest1bin,19,0.3,1000,0.0,0.0,19#0.3
currenttobest1bin,19,0.2,1000,0.0,0.0,19#0.2
currenttobest1bin,19,0.1,1000,-0.0,-0.0,19#0.1
currenttobest1bin,19,0.0,1000,-0.0,-0.0,19#0.0
currenttobest1bin,20,1.0,1000,0.0,0.0,20#1.0
currenttobest1bin,20,0.9,1000,0.0,0.0,20#0.9
currenttobest1bin,20,0.8,1000,0.0,0.0,20#0.8
currenttobest1bin,20,0.7,1000,0.0,0.0,20#0.7
currenttobest1bin,20,0.6,1000,0.0,0.0,20#0.6
currenttobest1bin,20,0.5,1000,0.0,0.0,20#0.5
currenttobest1bin,20,0.4,1000,0.0,0.0,20#0.4
currenttobest1bin,20,0.3,1000,0.0,0.0,20#0.3
currenttobest1bin,20,0.2,1000,0.0,0.0,20#0.2
currenttobest1bin,20,0.1,1000,0.0,0.0,20#0.1
currenttobest1bin,20,0.0,1000,0.0,-0.0,20#0.0
best2bin,10,1.0,290,0.0,0.0,10#1.0
best2bin,10,0.9,219,0.0,0.0,10#0.9
best2bin,10,0.8,195,0.0,0.0,10#0.8
best2bin,10,0.7,163,0.0,0.0,10#0.7
best2bin,10,0.6,129,0.0,0.0,10#0.6
best2bin,10,0.5,98,0.0,0.0,10#0.5
best2bin,10,0.4,69,0.0,0.0,10#0.4
best2bin,10,0.3,53,0.0,0.0,10#0.3
best2bin,10,0.2,41,0.0,0.0,10#0.2
best2bin,10,0.1,29,0.0,-0.0,10#0.1
best2bin,10,0.0,4,-0.0,-0.0,10#0.0
best2bin,11,1.0,295,0.0,0.0,11#1.0
best2bin,11,0.9,263,0.0,0.0,11#0.9
best2bin,11,0.8,191,0.0,0.0,11#0.8
best2bin,11,0.7,151,0.0,0.0,11#0.7
best2bin,11,0.6,138,0.0,0.0,11#0.6
best2bin,11,0.5,93,0.0,0.0,11#0.5
best2bin,11,0.4,74,0.0,0.0,11#0.4
best2bin,11,0.3,54,0.0,0.0,11#0.3
best2bin,11,0.2,39,0.0,0.0,11#0.2
best2bin,11,0.1,27,0.0,0.0,11#0.1
best2bin,11,0.0,2,0.27,0.33,11#0.0
best2bin,12,1.0,288,0.0,0.0,12#1.0
best2bin,12,0.9,234,0.0,0.0,12#0.9
best2bin,12,0.8,198,0.0,0.0,12#0.8
best2bin,12,0.7,164,0.0,0.0,12#0.7
best2bin,12,0.6,126,0.0,0.0,12#0.6
best2bin,12,0.5,98,0.0,0.0,12#0.5
best2bin,12,0.4,70,0.0,0.0,12#0.4
best2bin,12,0.3,56,0.0,0.0,12#0.3
best2bin,12,0.2,39,0.0,0.0,12#0.2
best2bin,12,0.1,29,0.0,0.0,12#0.1
best2bin,12,0.0,2,1.0,-0.53,12#0.0
best2bin,13,1.0,274,0.0,0.0,13#1.0
best2bin,13,0.9,239,0.0,0.0,13#0.9
best2bin,13,0.8,209,0.0,0.0,13#0.8
best2bin,13,0.7,165,0.0,0.0,13#0.7
best2bin,13,0.6,125,0.0,0.0,13#0.6
best2bin,13,0.5,96,0.0,0.0,13#0.5
best2bin,13,0.4,72,0.0,0.0,13#0.4
best2bin,13,0.3,55,0.0,0.0,13#0.3
best2bin,13,0.2,38,0.0,0.0,13#0.2
best2bin,13,0.1,28,0.0,0.0,13#0.1
best2bin,13,0.0,3,-0.0,0.0,13#0.0
best2bin,14,1.0,271,0.0,0.0,14#1.0
best2bin,14,0.9,243,0.0,0.0,14#0.9
best2bin,14,0.8,205,0.0,0.0,14#0.8
best2bin,14,0.7,167,0.0,0.0,14#0.7
best2bin,14,0.6,127,0.0,0.0,14#0.6
best2bin,14,0.5,100,0.0,0.0,14#0.5
best2bin,14,0.4,71,0.0,0.0,14#0.4
best2bin,14,0.3,52,0.0,0.0,14#0.3
best2bin,14,0.2,40,0.0,0.0,14#0.2
best2bin,14,0.1,30,0.0,0.0,14#0.1
best2bin,14,0.0,3,-0.97,-0.97,14#0.0
best2bin,15,1.0,285,0.0,0.0,15#1.0
best2bin,15,0.9,245,0.0,0.0,15#0.9
best2bin,15,0.8,210,0.0,0.0,15#0.8
best2bin,15,0.7,157,0.0,0.0,15#0.7
best2bin,15,0.6,128,0.0,0.0,15#0.6
best2bin,15,0.5,96,0.0,0.0,15#0.5
best2bin,15,0.4,71,0.0,0.0,15#0.4
best2bin,15,0.3,52,0.0,0.0,15#0.3
best2bin,15,0.2,39,0.0,0.0,15#0.2
best2bin,15,0.1,26,0.0,0.0,15#0.1
best2bin,15,0.0,3,0.97,-0.97,15#0.0
best2bin,16,1.0,274,0.0,0.0,16#1.0
best2bin,16,0.9,250,0.0,0.0,16#0.9
best2bin,16,0.8,194,0.0,0.0,16#0.8
best2bin,16,0.7,168,0.0,0.0,16#0.7
best2bin,16,0.6,122,0.0,0.0,16#0.6
best2bin,16,0.5,99,0.0,0.0,16#0.5
best2bin,16,0.4,71,0.0,0.0,16#0.4
best2bin,16,0.3,56,0.0,0.0,16#0.3
best2bin,16,0.2,37,0.0,0.0,16#0.2
best2bin,16,0.1,25,0.0,0.0,16#0.1
best2bin,16,0.0,3,0.04,1.31,16#0.0
best2bin,17,1.0,288,0.0,0.0,17#1.0
best2bin,17,0.9,240,0.0,0.0,17#0.9
best2bin,17,0.8,196,0.0,0.0,17#0.8
best2bin,17,0.7,162,0.0,0.0,17#0.7
best2bin,17,0.6,131,0.0,0.0,17#0.6
best2bin,17,0.5,100,0.0,0.0,17#0.5
best2bin,17,0.4,72,0.0,0.0,17#0.4
best2bin,17,0.3,52,0.0,0.0,17#0.3
best2bin,17,0.2,38,0.0,0.0,17#0.2
best2bin,17,0.1,28,0.0,0.0,17#0.1
best2bin,17,0.0,3,0.95,-0.0,17#0.0
best2bin,18,1.0,291,0.0,0.0,18#1.0
best2bin,18,0.9,240,0.0,0.0,18#0.9
best2bin,18,0.8,195,0.0,0.0,18#0.8
best2bin,18,0.7,158,0.0,0.0,18#0.7
best2bin,18,0.6,133,0.0,0.0,18#0.6
best2bin,18,0.5,102,0.0,0.0,18#0.5
best2bin,18,0.4,74,0.0,0.0,18#0.4
best2bin,18,0.3,56,0.0,0.0,18#0.3
best2bin,18,0.2,41,0.0,0.0,18#0.2
best2bin,18,0.1,29,0.0,0.0,18#0.1
best2bin,18,0.0,4,-0.0,-0.0,18#0.0
best2bin,19,1.0,287,0.0,0.0,19#1.0
best2bin,19,0.9,255,0.0,0.0,19#0.9
best2bin,19,0.8,197,0.0,0.0,19#0.8
best2bin,19,0.7,159,0.0,0.0,19#0.7
best2bin,19,0.6,126,0.0,0.0,19#0.6
best2bin,19,0.5,97,0.0,0.0,19#0.5
best2bin,19,0.4,74,0.0,0.0,19#0.4
best2bin,19,0.3,52,0.0,0.0,19#0.3
best2bin,19,0.2,40,0.0,0.0,19#0.2
best2bin,19,0.1,26,0.0,0.0,19#0.1
best2bin,19,0.0,4,0.36,-0.63,19#0.0
best2bin,20,1.0,278,0.0,0.0,20#1.0
best2bin,20,0.9,236,0.0,0.0,20#0.9
best2bin,20,0.8,202,0.0,0.0,20#0.8
best2bin,20,0.7,158,0.0,0.0,20#0.7
best2bin,20,0.6,133,0.0,0.0,20#0.6
best2bin,20,0.5,97,0.0,0.0,20#0.5
best2bin,20,0.4,72,0.0,0.0,20#0.4
best2bin,20,0.3,54,0.0,0.0,20#0.3
best2bin,20,0.2,37,0.0,0.0,20#0.2
best2bin,20,0.1,28,0.0,0.0,20#0.1
best2bin,20,0.0,3,0.0,-0.0,20#0.0
rand2bin,10,1.0,347,0.0,0.0,10#1.0
rand2bin,10,0.9,299,0.0,0.0,10#0.9
rand2bin,10,0.8,253,0.0,0.0,10#0.8
rand2bin,10,0.7,234,0.0,0.0,10#0.7
rand2bin,10,0.6,182,0.0,0.0,10#0.6
rand2bin,10,0.5,174,0.0,0.0,10#0.5
rand2bin,10,0.4,139,0.0,0.0,10#0.4
rand2bin,10,0.3,115,0.0,0.0,10#0.3
rand2bin,10,0.2,112,0.0,0.0,10#0.2
rand2bin,10,0.1,40,-0.0,0.0,10#0.1
rand2bin,10,0.0,6,-0.0,-0.0,10#0.0
rand2bin,11,1.0,317,0.0,0.0,11#1.0
rand2bin,11,0.9,311,0.0,0.0,11#0.9
rand2bin,11,0.8,252,0.0,0.0,11#0.8
rand2bin,11,0.7,207,0.0,0.0,11#0.7
rand2bin,11,0.6,186,0.0,0.0,11#0.6
rand2bin,11,0.5,170,0.0,0.0,11#0.5
rand2bin,11,0.4,135,0.0,0.0,11#0.4
rand2bin,11,0.3,114,0.0,0.0,11#0.3
rand2bin,11,0.2,113,0.0,0.0,11#0.2
rand2bin,11,0.1,37,-0.0,-0.0,11#0.1
rand2bin,11,0.0,10,0.27,0.33,11#0.0
rand2bin,12,1.0,347,0.0,0.0,12#1.0
rand2bin,12,0.9,291,0.0,0.0,12#0.9
rand2bin,12,0.8,253,0.0,0.0,12#0.8
rand2bin,12,0.7,219,0.0,0.0,12#0.7
rand2bin,12,0.6,189,0.0,0.0,12#0.6
rand2bin,12,0.5,155,0.0,0.0,12#0.5
rand2bin,12,0.4,135,0.0,0.0,12#0.4
rand2bin,12,0.3,123,0.0,0.0,12#0.3
rand2bin,12,0.2,106,0.0,0.0,12#0.2
rand2bin,12,0.1,37,0.0,0.0,12#0.1
rand2bin,12,0.0,9,0.0,-0.0,12#0.0
rand2bin,13,1.0,340,0.0,0.0,13#1.0
rand2bin,13,0.9,291,0.0,0.0,13#0.9
rand2bin,13,0.8,252,0.0,0.0,13#0.8
rand2bin,13,0.7,221,0.0,0.0,13#0.7
rand2bin,13,0.6,179,0.0,0.0,13#0.6
rand2bin,13,0.5,160,0.0,0.0,13#0.5
rand2bin,13,0.4,137,0.0,0.0,13#0.4
rand2bin,13,0.3,116,0.0,0.0,13#0.3
rand2bin,13,0.2,101,0.0,0.0,13#0.2
rand2bin,13,0.1,25,-0.0,0.0,13#0.1
rand2bin,13,0.0,13,-0.0,-0.0,13#0.0
rand2bin,14,1.0,332,0.0,0.0,14#1.0
rand2bin,14,0.9,294,0.0,0.0,14#0.9
rand2bin,14,0.8,252,0.0,0.0,14#0.8
rand2bin,14,0.7,230,0.0,0.0,14#0.7
rand2bin,14,0.6,193,0.0,0.0,14#0.6
rand2bin,14,0.5,159,0.0,0.0,14#0.5
rand2bin,14,0.4,145,0.0,0.0,14#0.4
rand2bin,14,0.3,119,0.0,0.0,14#0.3
rand2bin,14,0.2,100,0.0,0.0,14#0.2
rand2bin,14,0.1,39,0.0,-0.0,14#0.1
rand2bin,14,0.0,9,0.42,0.03,14#0.0
rand2bin,15,1.0,342,0.0,0.0,15#1.0
rand2bin,15,0.9,291,0.0,0.0,15#0.9
rand2bin,15,0.8,266,0.0,0.0,15#0.8
rand2bin,15,0.7,228,0.0,0.0,15#0.7
rand2bin,15,0.6,192,0.0,0.0,15#0.6
rand2bin,15,0.5,160,0.0,0.0,15#0.5
rand2bin,15,0.4,139,0.0,0.0,15#0.4
rand2bin,15,0.3,113,0.0,0.0,15#0.3
rand2bin,15,0.2,100,0.0,0.0,15#0.2
rand2bin,15,0.1,58,0.0,0.0,15#0.1
rand2bin,15,0.0,10,-0.0,-0.95,15#0.0
rand2bin,16,1.0,337,0.0,0.0,16#1.0
rand2bin,16,0.9,293,0.0,0.0,16#0.9
rand2bin,16,0.8,262,0.0,0.0,16#0.8
rand2bin,16,0.7,224,0.0,0.0,16#0.7
rand2bin,16,0.6,190,0.0,0.0,16#0.6
rand2bin,16,0.5,160,0.0,0.0,16#0.5
rand2bin,16,0.4,143,0.0,0.0,16#0.4
rand2bin,16,0.3,125,0.0,0.0,16#0.3
rand2bin,16,0.2,108,0.0,0.0,16#0.2
rand2bin,16,0.1,30,-0.0,0.0,16#0.1
rand2bin,16,0.0,11,0.0,-0.0,16#0.0
rand2bin,17,1.0,335,0.0,0.0,17#1.0
rand2bin,17,0.9,302,0.0,0.0,17#0.9
rand2bin,17,0.8,260,0.0,0.0,17#0.8
rand2bin,17,0.7,216,0.0,0.0,17#0.7
rand2bin,17,0.6,192,0.0,0.0,17#0.6
rand2bin,17,0.5,164,0.0,0.0,17#0.5
rand2bin,17,0.4,141,0.0,0.0,17#0.4
rand2bin,17,0.3,116,0.0,0.0,17#0.3
rand2bin,17,0.2,102,0.0,0.0,17#0.2
rand2bin,17,0.1,74,-0.0,-0.0,17#0.1
rand2bin,17,0.0,11,0.95,-0.0,17#0.0
rand2bin,18,1.0,348,0.0,0.0,18#1.0
rand2bin,18,0.9,301,0.0,0.0,18#0.9
rand2bin,18,0.8,254,0.0,0.0,18#0.8
rand2bin,18,0.7,222,0.0,0.0,18#0.7
rand2bin,18,0.6,191,0.0,0.0,18#0.6
rand2bin,18,0.5,163,0.0,0.0,18#0.5
rand2bin,18,0.4,138,0.0,0.0,18#0.4
rand2bin,18,0.3,121,0.0,0.0,18#0.3
rand2bin,18,0.2,113,0.0,0.0,18#0.2
rand2bin,18,0.1,33,0.0,-0.0,18#0.1
rand2bin,18,0.0,10,-0.0,-0.0,18#0.0
rand2bin,19,1.0,359,0.0,0.0,19#1.0
rand2bin,19,0.9,308,0.0,0.0,19#0.9
rand2bin,19,0.8,253,0.0,0.0,19#0.8
rand2bin,19,0.7,216,0.0,0.0,19#0.7
rand2bin,19,0.6,195,0.0,0.0,19#0.6
rand2bin,19,0.5,163,0.0,0.0,19#0.5
rand2bin,19,0.4,134,0.0,0.0,19#0.4
rand2bin,19,0.3,115,0.0,0.0,19#0.3
rand2bin,19,0.2,106,0.0,0.0,19#0.2
rand2bin,19,0.1,41,-0.0,-0.0,19#0.1
rand2bin,19,0.0,12,0.0,-0.0,19#0.0
rand2bin,20,1.0,345,0.0,0.0,20#1.0
rand2bin,20,0.9,297,0.0,0.0,20#0.9
rand2bin,20,0.8,255,0.0,0.0,20#0.8
rand2bin,20,0.7,228,0.0,0.0,20#0.7
rand2bin,20,0.6,190,0.0,0.0,20#0.6
rand2bin,20,0.5,160,0.0,0.0,20#0.5
rand2bin,20,0.4,140,0.0,0.0,20#0.4
rand2bin,20,0.3,122,0.0,0.0,20#0.3
rand2bin,20,0.2,103,0.0,0.0,20#0.2
rand2bin,20,0.1,90,0.0,0.0,20#0.1
rand2bin,20,0.0,8,-0.0,0.0,20#0.0
rand1bin,10,1.0,207,0.0,0.0,10#1.0
rand1bin,10,0.9,194,0.0,0.0,10#0.9
rand1bin,10,0.8,181,0.0,0.0,10#0.8
rand1bin,10,0.7,153,0.0,0.0,10#0.7
rand1bin,10,0.6,149,0.0,0.0,10#0.6
rand1bin,10,0.5,125,0.0,0.0,10#0.5
rand1bin,10,0.4,110,0.0,0.0,10#0.4
rand1bin,10,0.3,110,0.0,0.0,10#0.3
rand1bin,10,0.2,82,0.0,-0.0,10#0.2
rand1bin,10,0.1,22,-0.0,-0.0,10#0.1
rand1bin,10,0.0,6,-0.0,-0.0,10#0.0
rand1bin,11,1.0,222,0.0,0.0,11#1.0
rand1bin,11,0.9,194,0.0,0.0,11#0.9
rand1bin,11,0.8,186,0.0,0.0,11#0.8
rand1bin,11,0.7,150,0.0,0.0,11#0.7
rand1bin,11,0.6,147,0.0,0.0,11#0.6
rand1bin,11,0.5,125,0.0,0.0,11#0.5
rand1bin,11,0.4,109,0.0,0.0,11#0.4
rand1bin,11,0.3,32,-0.0,-0.0,11#0.3
rand1bin,11,0.2,28,-0.0,-0.0,11#0.2
rand1bin,11,0.1,18,-0.0,-0.0,11#0.1
rand1bin,11,0.0,10,0.27,0.33,11#0.0
rand1bin,12,1.0,228,0.0,0.0,12#1.0
rand1bin,12,0.9,193,0.0,0.0,12#0.9
rand1bin,12,0.8,177,0.0,0.0,12#0.8
rand1bin,12,0.7,155,0.0,0.0,12#0.7
rand1bin,12,0.6,140,0.0,0.0,12#0.6
rand1bin,12,0.5,127,0.0,0.0,12#0.5
rand1bin,12,0.4,117,0.0,0.0,12#0.4
rand1bin,12,0.3,107,0.0,0.0,12#0.3
rand1bin,12,0.2,95,0.0,0.0,12#0.2
rand1bin,12,0.1,22,-0.0,-0.0,12#0.1
rand1bin,12,0.0,9,0.0,-0.0,12#0.0
rand1bin,13,1.0,236,0.0,0.0,13#1.0
rand1bin,13,0.9,201,0.0,0.0,13#0.9
rand1bin,13,0.8,184,0.0,0.0,13#0.8
rand1bin,13,0.7,168,0.0,0.0,13#0.7
rand1bin,13,0.6,142,0.0,0.0,13#0.6
rand1bin,13,0.5,135,0.0,0.0,13#0.5
rand1bin,13,0.4,115,0.0,0.0,13#0.4
rand1bin,13,0.3,98,-0.0,0.0,13#0.3
rand1bin,13,0.2,68,0.0,-0.0,13#0.2
rand1bin,13,0.1,31,0.0,-0.0,13#0.1
rand1bin,13,0.0,13,-0.0,-0.0,13#0.0
rand1bin,14,1.0,234,0.0,0.0,14#1.0
rand1bin,14,0.9,191,0.0,0.0,14#0.9
rand1bin,14,0.8,178,0.0,0.0,14#0.8
rand1bin,14,0.7,155,0.0,0.0,14#0.7
rand1bin,14,0.6,140,0.0,0.0,14#0.6
rand1bin,14,0.5,129,0.0,0.0,14#0.5
rand1bin,14,0.4,104,0.0,0.0,14#0.4
rand1bin,14,0.3,106,0.0,0.0,14#0.3
rand1bin,14,0.2,100,0.0,-0.0,14#0.2
rand1bin,14,0.1,37,-0.0,-0.0,14#0.1
rand1bin,14,0.0,9,0.42,0.03,14#0.0
rand1bin,15,1.0,218,0.0,0.0,15#1.0
rand1bin,15,0.9,192,0.0,0.0,15#0.9
rand1bin,15,0.8,173,0.0,0.0,15#0.8
rand1bin,15,0.7,158,0.0,0.0,15#0.7
rand1bin,15,0.6,148,0.0,0.0,15#0.6
rand1bin,15,0.5,132,0.0,0.0,15#0.5
rand1bin,15,0.4,114,0.0,0.0,15#0.4
rand1bin,15,0.3,105,0.0,0.0,15#0.3
rand1bin,15,0.2,99,0.0,-0.0,15#0.2
rand1bin,15,0.1,34,0.0,-0.0,15#0.1
rand1bin,15,0.0,10,-0.0,-0.95,15#0.0
rand1bin,16,1.0,220,0.0,0.0,16#1.0
rand1bin,16,0.9,195,0.0,0.0,16#0.9
rand1bin,16,0.8,182,0.0,0.0,16#0.8
rand1bin,16,0.7,153,0.0,0.0,16#0.7
rand1bin,16,0.6,136,0.0,0.0,16#0.6
rand1bin,16,0.5,139,0.0,0.0,16#0.5
rand1bin,16,0.4,110,0.0,0.0,16#0.4
rand1bin,16,0.3,107,0.0,0.0,16#0.3
rand1bin,16,0.2,94,0.0,0.0,16#0.2
rand1bin,16,0.1,43,-0.0,-0.0,16#0.1
rand1bin,16,0.0,11,0.0,-0.0,16#0.0
rand1bin,17,1.0,221,0.0,0.0,17#1.0
rand1bin,17,0.9,202,0.0,0.0,17#0.9
rand1bin,17,0.8,178,0.0,0.0,17#0.8
rand1bin,17,0.7,162,0.0,0.0,17#0.7
rand1bin,17,0.6,148,0.0,0.0,17#0.6
rand1bin,17,0.5,134,0.0,0.0,17#0.5
rand1bin,17,0.4,111,0.0,0.0,17#0.4
rand1bin,17,0.3,104,0.0,0.0,17#0.3
rand1bin,17,0.2,95,0.0,0.0,17#0.2
rand1bin,17,0.1,22,-0.0,-0.0,17#0.1
rand1bin,17,0.0,11,0.95,-0.0,17#0.0
rand1bin,18,1.0,226,0.0,0.0,18#1.0
rand1bin,18,0.9,207,0.0,0.0,18#0.9
rand1bin,18,0.8,184,0.0,0.0,18#0.8
rand1bin,18,0.7,165,0.0,0.0,18#0.7
rand1bin,18,0.6,139,0.0,0.0,18#0.6
rand1bin,18,0.5,133,0.0,0.0,18#0.5
rand1bin,18,0.4,114,0.0,0.0,18#0.4
rand1bin,18,0.3,109,0.0,0.0,18#0.3
rand1bin,18,0.2,101,0.0,0.0,18#0.2
rand1bin,18,0.1,82,-0.0,-0.0,18#0.1
rand1bin,18,0.0,10,-0.0,-0.0,18#0.0
rand1bin,19,1.0,224,0.0,0.0,19#1.0
rand1bin,19,0.9,200,0.0,0.0,19#0.9
rand1bin,19,0.8,177,0.0,0.0,19#0.8
rand1bin,19,0.7,160,0.0,0.0,19#0.7
rand1bin,19,0.6,149,0.0,0.0,19#0.6
rand1bin,19,0.5,130,0.0,0.0,19#0.5
rand1bin,19,0.4,118,0.0,0.0,19#0.4
rand1bin,19,0.3,102,0.0,0.0,19#0.3
rand1bin,19,0.2,96,0.0,0.0,19#0.2
rand1bin,19,0.1,47,-0.0,-0.0,19#0.1
rand1bin,19,0.0,12,0.0,-0.0,19#0.0
rand1bin,20,1.0,220,0.0,0.0,20#1.0
rand1bin,20,0.9,202,0.0,0.0,20#0.9
rand1bin,20,0.8,171,0.0,0.0,20#0.8
rand1bin,20,0.7,167,0.0,0.0,20#0.7
rand1bin,20,0.6,140,0.0,0.0,20#0.6
rand1bin,20,0.5,129,0.0,0.0,20#0.5
rand1bin,20,0.4,112,0.0,0.0,20#0.4
rand1bin,20,0.3,100,0.0,0.0,20#0.3
rand1bin,20,0.2,97,0.0,0.0,20#0.2
rand1bin,20,0.1,73,-0.0,0.0,20#0.1
rand1bin,20,0.0,8,-0.0,0.0,20#0.0
